prompt,response,metadata,url,timestamp
What information is available about 'Sign in to your childcare account - GOV.UK'? (Part 1/2),"Sign in to your childcare account
Sign in to your account to continue to get Tax-Free Childcare or Free Childcare for Working Parents .
You must sign in and confirm your details are up to date every 3 months.
There’s a different way to sign in to your account if you’re a childcare provider .
If you get Tax-Free Childcare, you can also use your account to:
* pay money in
* pay your childcare provider
* apply for an additional child
If you get Free Childcare for Working Parents, you can:
* get an 11-digit code to give to your childcare provider
* apply for an additional child
This service is also available in Welsh (Cymraeg) .
Sign in to your account
You’ll need your user ID and password to sign in.
Sign in
If you’re having problems signing in to your account
Contact the Childcare Service helpline if you’re having problems signing in to your childcare account.
If you’ve been unable to use the service
You may be able to claim compensation if you’ve been unable to access your account due t","{'source_url': 'https://www.gov.uk/sign-in-childcare-account', 'title': 'Sign in to your childcare account - GOV.UK', 'chunk_id': 0, 'total_chunks': 2, 'timestamp': '2025-11-12T17:29:44.940261'}",https://www.gov.uk/sign-in-childcare-account,2025-11-12T17:29:44.940261
What information is available about 'Welcome to GOV.UK'? (Part 3/5),"le Includes pay, contracts, hiring and redundancies
Employing people
Includes pay, contracts, hiring and redundancies
* Environment and countryside Includes flooding, recycling, farming and wildlife
Environment and countryside
Includes flooding, recycling, farming and wildlife
* Housing and local services Owning or renting and council services
Housing and local services
Owning or renting and council services
* Money and tax Includes debt and Self Assessment
Money and tax
Includes debt and Self Assessment
* Passports, travel and living abroad Includes renewing passports and travel advice by country
Passports, travel and living abroad
Includes renewing passports and travel advice by country
* Visas and immigration Apply to visit, work, study, settle or seek asylum in the UK
Visas and immigration
Apply to visit, work, study, settle or seek asylum in the UK
* Working, jobs and pensions Includes holidays, finding a job and redundancy
Working, jobs and pensions
Includes holidays, finding a j","{'source_url': 'https://www.gov.uk/', 'title': 'Welcome to GOV.UK', 'chunk_id': 2, 'total_chunks': 5, 'timestamp': '2025-11-12T17:29:36.614207'}",https://www.gov.uk/,2025-11-12T17:29:36.614207
What information is available about 'HMRC online services: sign in or set up an account: Sign in to HMRC online services - GOV.UK'? (Part 3/3)," Soft Drinks Industry Levy
* Stamp Taxes
* Tied Oil Enquiry Service
* VAT EC Sales List
* VAT EU Refunds
* VAT Government Information and National Health Trusts (GIANT)
* VAT Import One Stop Shop (IOSS) Scheme
* VAT Mini One Stop Shop (MOSS) Schemes
* VAT Notification of Vehicle Arrivals (NOVA)
Related content","{'source_url': 'https://www.gov.uk/log-in-register-hmrc-online-services', 'title': 'HMRC online services: sign in or set up an account: Sign in to HMRC online services - GOV.UK', 'chunk_id': 2, 'total_chunks': 3, 'timestamp': '2025-11-12T17:29:38.359116'}",https://www.gov.uk/log-in-register-hmrc-online-services,2025-11-12T17:29:38.359116
What information is available about 'Check your National Insurance record - GOV.UK'? (Part 2/3),"ils safe and normally involves using photo ID like a passport or driving licence.
Other ways to apply
You can request a printed National Insurance statement:
* online, if you live in the UK
* online or by post, if you live abroad
* by phone
You’ll need to say which years you want your statement to cover. You cannot request statements for the current or previous tax year.
You can also write to HM Revenue and Customs ( HMRC ).
PT Operations North East England HM Revenue and Customs BX9 1AN
If you’ve paid National Insurance in the Isle of Man
Your record will not show National Insurance contributions from the Isle of Man if you reach State Pension age after 5 April 2016.
Email the National Insurance office in the Isle of Man to find out how much you’ve paid.
Isle of Man National Insurance office nationalinsurance.itd@gov.im
You can also write to the office.
National Insurance contributions Income Tax Division Government Office Bucks Road Douglas Isle of Man IM1 3TX
Related content","{'source_url': 'https://www.gov.uk/check-national-insurance-record', 'title': 'Check your National Insurance record - GOV.UK', 'chunk_id': 1, 'total_chunks': 3, 'timestamp': '2025-11-12T17:29:49.803081'}",https://www.gov.uk/check-national-insurance-record,2025-11-12T17:29:49.803081
What information is available about 'Check your State Pension forecast - GOV.UK'? (Part 5/5),"ou could get if you: are on a low income need help paying your rent need help paying your heating bill are claiming benefits and the weather is cold are disabled You can also get free bus travel if you: apply for a bus pass
Step 3 : Check what other financial support you could get
Check what financial help you could get if you:
* are on a low income
* need help paying your rent
* need help paying your heating bill
* are claiming benefits and the weather is cold
* are disabled
You can also get free bus travel if you:
* apply for a bus pass
* Step 4 : Decide when to retire Get advice on planning your pension and deciding when to retire
Step 4 : Decide when to retire
* Get advice on planning your pension and deciding when to retire","{'source_url': 'https://www.gov.uk/check-state-pension', 'title': 'Check your State Pension forecast - GOV.UK', 'chunk_id': 4, 'total_chunks': 5, 'timestamp': '2025-11-12T17:29:46.358435'}",https://www.gov.uk/check-state-pension,2025-11-12T17:29:46.358435
What information is available about 'Cost of living support: Overview - GOV.UK'? (Part 1/3),"Cost of living support
Overview
Find out what support is available to help with the cost of living. This includes income and disability benefits, bills and allowances, childcare, housing and travel.
There will be no Cost of Living Payment for 2025 and there are no more payments planned in the future.
Check benefits and financial support you can get
Answer a few questions to find out what support you might be able to get to help with living costs if you live in the UK. Check benefits and financial support you can get .
Scams
You may get calls, emails or messages that are pretending to be from a government service or an energy bill support scheme. If you get a message asking for your personal details (for example, bank details or passwords) this could be a scam. Report anything you think is suspicious .
Support available in England
This guide covers cost of living support available in England.
Find out about cost of living support in Scotland , support in Wales and support in Northern Ir","{'source_url': 'https://www.gov.uk/cost-of-living', 'title': 'Cost of living support: Overview - GOV.UK', 'chunk_id': 0, 'total_chunks': 3, 'timestamp': '2025-11-12T17:29:51.653627'}",https://www.gov.uk/cost-of-living,2025-11-12T17:29:51.653627
What information is available about 'Check your State Pension forecast - GOV.UK'? (Part 2/5),"heck your State Pension forecast through the HMRC app .
Applying online is the quickest way to get a forecast. If you’ll reach your State Pension age in more than 30 days you can also:
* fill in the BR19 application form and send it by post
* call the Future Pension Centre who will post the forecast to you
If you’re already getting your State Pension or have delayed claiming it
To get information about your State Pension, contact the Pension Service if you’re in the UK or the International Pension Centre if you live abroad.
This page is Part of Plan your retirement income: step by step
* Step 1 : Check when you can retire Check what age you can get your State Pension Find out about working after you reach State Pension age Find out if you can retire early with your workplace or personal pension
Step 1 : Check when you can retire
* Check what age you can get your State Pension
* Find out about working after you reach State Pension age
* Find out if you can retire early with your workpla","{'source_url': 'https://www.gov.uk/check-state-pension', 'title': 'Check your State Pension forecast - GOV.UK', 'chunk_id': 1, 'total_chunks': 5, 'timestamp': '2025-11-12T17:29:46.358435'}",https://www.gov.uk/check-state-pension,2025-11-12T17:29:46.358435
What information is available about 'Check your National Insurance record - GOV.UK'? (Part 1/3),"Check your National Insurance record
You can check your National Insurance record online to see:
* what you’ve paid, up to the start of the current tax year (6 April 2025)
* any National Insurance credits you’ve received
* if gaps in contributions or credits mean some years do not count towards your State Pension (they are not ‘qualifying years’)
* if you’ll benefit from paying voluntary contributions to fill any gaps
* how your State Pension forecast will change if you decide to pay voluntary contributions
* if you can pay voluntary contributions online and how much this will cost
This service is also available in Welsh (Cymraeg) .
Start now
Before you start
You’ll need to sign in to check your National Insurance record. If you do not already have sign in details, you’ll be able to create them.
You’ll be told when you sign in if you need to prove your identity. This is to keep your details safe and normally involves using photo ID like a passport or driving licence.
Other ways to appl","{'source_url': 'https://www.gov.uk/check-national-insurance-record', 'title': 'Check your National Insurance record - GOV.UK', 'chunk_id': 0, 'total_chunks': 3, 'timestamp': '2025-11-12T17:29:49.803081'}",https://www.gov.uk/check-national-insurance-record,2025-11-12T17:29:49.803081
What information is available about 'Welcome to GOV.UK'? (Part 1/5),"Popular on GOV.UK
* HMRC account: sign in or set up
* eVisas: access and use your online immigration status
* Universal Credit account: sign in
* Personal tax account: sign in or set up
* Childcare account: sign in
* Check your State Pension forecast
Services and information
* Benefits Includes eligibility, appeals, tax credits and Universal Credit
Benefits
Includes eligibility, appeals, tax credits and Universal Credit
* Births, deaths, marriages and care Parenting, civil partnerships, divorce and Lasting Power of Attorney
Births, deaths, marriages and care
Parenting, civil partnerships, divorce and Lasting Power of Attorney
* Business and self-employed Tools and guidance for businesses
Business and self-employed
Tools and guidance for businesses
* Childcare and parenting Includes giving birth, fostering, adopting, benefits for children, childcare and schools
Childcare and parenting
Includes giving birth, fostering, adopting, benefits for children, childcare and schools
* Citizenship ","{'source_url': 'https://www.gov.uk/', 'title': 'Welcome to GOV.UK', 'chunk_id': 0, 'total_chunks': 5, 'timestamp': '2025-11-12T17:29:36.614207'}",https://www.gov.uk/,2025-11-12T17:29:36.614207
What information is available about 'Cost of living support: Overview - GOV.UK'? (Part 3/3),"ith childcare and maternity costs . This includes free childcare hours and free school meals.
Managing money, savings and debt
Find advice for managing money , including budgeting advice and debt support.
If you’re finding things difficult
Find support if money worries are impacting your mental health or you’re affected by domestic abuse .
Related content","{'source_url': 'https://www.gov.uk/cost-of-living', 'title': 'Cost of living support: Overview - GOV.UK', 'chunk_id': 2, 'total_chunks': 3, 'timestamp': '2025-11-12T17:29:51.653627'}",https://www.gov.uk/cost-of-living,2025-11-12T17:29:51.653627
What information is available about 'Welcome to GOV.UK'? (Part 2/5),"ludes giving birth, fostering, adopting, benefits for children, childcare and schools
* Citizenship and living in the UK Voting, community participation, life in the UK, international projects
Citizenship and living in the UK
Voting, community participation, life in the UK, international projects
* Crime, justice and the law Legal processes, courts and the police
Crime, justice and the law
Legal processes, courts and the police
* Disabled people Includes carers, your rights, benefits and the Equality Act
Disabled people
Includes carers, your rights, benefits and the Equality Act
* Driving and transport Includes vehicle tax, MOT and driving licences
Driving and transport
Includes vehicle tax, MOT and driving licences
* Education and learning Includes student loans, admissions and apprenticeships
Education and learning
Includes student loans, admissions and apprenticeships
* Employing people Includes pay, contracts, hiring and redundancies
Employing people
Includes pay, contracts, hiring","{'source_url': 'https://www.gov.uk/', 'title': 'Welcome to GOV.UK', 'chunk_id': 1, 'total_chunks': 5, 'timestamp': '2025-11-12T17:29:36.614207'}",https://www.gov.uk/,2025-11-12T17:29:36.614207
What information is available about 'Sign in to your childcare account - GOV.UK'? (Part 2/2),"the service
You may be able to claim compensation if you’ve been unable to access your account due to technical problems with the childcare service.
This page is Part of
* Get Tax-Free Childcare: step by step
* Get childcare: step by step
Related content","{'source_url': 'https://www.gov.uk/sign-in-childcare-account', 'title': 'Sign in to your childcare account - GOV.UK', 'chunk_id': 1, 'total_chunks': 2, 'timestamp': '2025-11-12T17:29:44.940261'}",https://www.gov.uk/sign-in-childcare-account,2025-11-12T17:29:44.940261
What information is available about 'Personal tax account: sign in or set up - GOV.UK'? (Part 1/2),"Personal tax account: sign in or set up
Use your personal tax account to check your records and manage your details with HM Revenue and Customs ( HMRC ).
This service is also available in Welsh (Cymraeg) .
You can:
* check your Income Tax estimate and tax code
* submit, view or manage a Self Assessment tax return
* claim a tax refund
* check your Child Benefit
* check your income from work in the previous 5 years
* check how much Income Tax you paid in the previous 5 years
* check your State Pension
* check if you’ll benefit from paying voluntary National Insurance contributions and if you can pay online
* track tax forms that you’ve submitted online
* check or update your Marriage Allowance
* tell HMRC about a change of name or address
* check or update benefits you get from work, for example company car details and medical insurance
* find your National Insurance number
* find your Unique Taxpayer Reference (UTR) number, if you already have one
* check your Simple Assessment tax bill","{'source_url': 'https://www.gov.uk/personal-tax-account', 'title': 'Personal tax account: sign in or set up - GOV.UK', 'chunk_id': 0, 'total_chunks': 2, 'timestamp': '2025-11-12T17:29:43.191300'}",https://www.gov.uk/personal-tax-account,2025-11-12T17:29:43.191300
What information is available about 'HMRC online services: sign in or set up an account: Sign in to HMRC online services - GOV.UK'? (Part 2/3),"atic Exchange of Information (AEOI)
* Business tax account
* Charities Online
* Construction Industry Scheme (CIS)
* Corporation Tax
* Duty Deferment Electronic Statements (DDES)
* Economic Crime Levy
* Employment Intermediaries
* Employment Related Securities
* Excise Movement and Control System (EMCS)
* Fulfilment House Due Diligence Scheme
* Gambling Tax Service
* Gift Aid
* Import Control System (ICS)
* Intrastat Supplementary Declaration
* Machine Games Duty
* Making Tax Digital for Income Tax
* Making Tax Digital for VAT
* Managing Pension Schemes
* Money laundering supervision
* New Computerised Transit System (NCTS)
* New Export Scheme (NES)
* One Stop Shop (OSS)
* PAYE for employers
* Pensions Schemes Online
* Personal tax account
* Pillar 2
* Plastic Packaging Tax
* Rebated Oils Enquiry Service
* Self Assessment
* Self Assessment for partnerships and trusts
* Shared Workspace
* Soft Drinks Industry Levy
* Stamp Taxes
* Tied Oil Enquiry Service
* VAT EC Sales List
* VAT EU Ref","{'source_url': 'https://www.gov.uk/log-in-register-hmrc-online-services', 'title': 'HMRC online services: sign in or set up an account: Sign in to HMRC online services - GOV.UK', 'chunk_id': 1, 'total_chunks': 3, 'timestamp': '2025-11-12T17:29:38.359116'}",https://www.gov.uk/log-in-register-hmrc-online-services,2025-11-12T17:29:38.359116
What information is available about 'Find a job - GOV.UK'?,"Find a job
Find full or part-time jobs in England, Scotland and Wales.
Use the ‘Find a job’ service to search and apply for jobs.
This service has replaced Universal Jobmatch.
This page is also available in Welsh (Cymraeg) .
There is a different service to search for jobs in Northern Ireland .
Start now on Find a job
Related content","{'source_url': 'https://www.gov.uk/find-a-job', 'title': 'Find a job - GOV.UK', 'chunk_id': 0, 'total_chunks': 1, 'timestamp': '2025-11-12T17:29:48.087492'}",https://www.gov.uk/find-a-job,2025-11-12T17:29:48.087492
What information is available about 'Check your State Pension forecast - GOV.UK'? (Part 3/5),"about working after you reach State Pension age
* Find out if you can retire early with your workplace or personal pension
* and Check how much pension you could get You are currently viewing: Find out how much State Pension you could get (your forecast) You may also be paying into a: workplace pension personal pension Find out if you’ll pay tax on your pension Find contact details for a lost pension
and Check how much pension you could get
* You are currently viewing: Find out how much State Pension you could get (your forecast)
You may also be paying into a:
* workplace pension
* personal pension
* Find out if you’ll pay tax on your pension
* Find contact details for a lost pension
* Step 2 : Increase your pension You might be able to increase the amount you get if you delay your pension. Find out about delaying your pension You might be able to pay voluntary contributions to fill in gaps in your National Insurance record (such as, from when you were not working or claiming benefits)","{'source_url': 'https://www.gov.uk/check-state-pension', 'title': 'Check your State Pension forecast - GOV.UK', 'chunk_id': 2, 'total_chunks': 5, 'timestamp': '2025-11-12T17:29:46.358435'}",https://www.gov.uk/check-state-pension,2025-11-12T17:29:46.358435
What information is available about 'Check your State Pension forecast - GOV.UK'? (Part 1/5),"Check your State Pension forecast
Use this service to find out:
* how much State Pension you could get
* when you can get it
* if you can increase it
* how you could increase it (for example, by paying to fill gaps)
This page is also available in Welsh (Cymraeg) .
The State Pension age is regularly reviewed, so the results of this tool may change in the future. You can read about the launch of the latest review of the State Pension age .
You cannot use this service if you’re already getting your State Pension or if you’ve delayed (‘deferred’) claiming it.
You’ll need to sign in to use this service. If you do not already have sign in details, you’ll be able to create them.
You’ll be told when you sign in if you need to prove your identity. This is to keep your details safe and normally involves using photo ID like a passport or driving licence.
Start now
Other ways to apply
You can also check your State Pension forecast through the HMRC app .
Applying online is the quickest way to get a","{'source_url': 'https://www.gov.uk/check-state-pension', 'title': 'Check your State Pension forecast - GOV.UK', 'chunk_id': 0, 'total_chunks': 5, 'timestamp': '2025-11-12T17:29:46.358435'}",https://www.gov.uk/check-state-pension,2025-11-12T17:29:46.358435
What information is available about 'Sign in to your Universal Credit account - GOV.UK'?,"Sign in to your Universal Credit account
Sign in to your Universal Credit account to:
* apply for an advance on your first payment
* see your statement
* report a change in circumstances
* see when your next payment will be
* see your claimant commitment
* check your to-do list (for example, if your work coach has booked an appointment with you)
* send messages to your case manager or work coach using your journal
It might take a few days for your case manager or work coach to reply. You’ll usually get a text or email if your journal or to-do list is updated.
Use the username and password you set up when you applied for Universal Credit. You can ask for a reminder if you’re not sure.
This service is also available in Welsh (Cymraeg) .
Sign in
Related content","{'source_url': 'https://www.gov.uk/sign-in-universal-credit', 'title': 'Sign in to your Universal Credit account - GOV.UK', 'chunk_id': 0, 'total_chunks': 1, 'timestamp': '2025-11-12T17:29:41.379727'}",https://www.gov.uk/sign-in-universal-credit,2025-11-12T17:29:41.379727
What information is available about 'Welcome to GOV.UK'? (Part 5/5),"on releases and corporate reports
Transparency documents
Data, Freedom of Information releases and corporate reports
More on GOV.UK
* HMRC services: sign in
* Check MOT history of a vehicle
* Tax your vehicle
* Universal Credit
* Foreign travel advice
* Check your State Pension age
* Childcare account: sign in
* Student finance: sign in
* Self Assessment tax returns
* Apply for a passport","{'source_url': 'https://www.gov.uk/', 'title': 'Welcome to GOV.UK', 'chunk_id': 4, 'total_chunks': 5, 'timestamp': '2025-11-12T17:29:36.614207'}",https://www.gov.uk/,2025-11-12T17:29:36.614207
What information is available about 'eVisas: access and use your online immigration status: What an eVisa is - GOV.UK'? (Part 1/2),"eVisas: access and use your online immigration status
What an eVisa is
An eVisa is a digital record of:
* your identity and immigration status - for example the type of visa you have or if you have indefinite leave to remain (settlement) in the UK
* the conditions of your status - for example if you’re allowed to work or study in the UK
eVisas are replacing physical immigration documents.
Biometric residence permits ( BRPs ) have already been replaced by eVisas. They will also replace:
* biometric residence cards ( BRCs )
* wet ink stamps or vignettes (stickers) in passports
You’ll usually get an eVisa when you successfully apply for a visa or other type of permission to be in the UK.
How to use your eVisa
You can view your eVisa and get a share code to prove your immigration status , for example when you get a new job or rent a home.
You can also travel with your eVisa after you add your passport or travel document details.
Access your eVisa
You need a UK Visas and Immigration ( UKVI ","{'source_url': 'https://www.gov.uk/evisa', 'title': 'eVisas: access and use your online immigration status: What an eVisa is - GOV.UK', 'chunk_id': 0, 'total_chunks': 2, 'timestamp': '2025-11-12T17:29:39.667165'}",https://www.gov.uk/evisa,2025-11-12T17:29:39.667165
